,Date,AvgTemp,AverageDew,Humidity,Wind,Pressure,Solar(PV)
0,2022-04-01,87.9,31.3,13.4,5.7,29.2,19.010857142857144
2,2022-04-03,90.2,34.0,14.2,6.6,29.1,16.885714285714286
3,2022-04-04,93.2,31.4,11.8,8.8,29.1,19.627428571428567
4,2022-04-05,92.5,24.9,9.4,8.0,29.1,18.929428571428577
5,2022-04-06,91.2,18.9,7.8,9.4,29.2,18.933999999999997
6,2022-04-07,94.0,26.3,9.4,11.0,29.2,17.43514285714286
7,2022-04-08,92.3,24.9,10.0,6.5,29.1,16.71771428571429
8,2022-04-09,92.5,30.4,11.9,8.9,29.1,17.14628571428571
9,2022-04-10,90.6,32.0,13.3,8.5,29.1,15.938857142857147
10,2022-04-11,89.9,30.4,12.3,7.9,29.1,16.939142857142862
11,2022-04-12,84.8,29.2,14.0,12.2,29.1,15.091428571428569
12,2022-04-13,78.7,28.5,17.8,8.9,29.1,19.335714285714285
13,2022-04-14,78.9,24.9,16.4,8.1,29.1,19.553714285714285
14,2022-04-15,83.9,18.8,10.3,7.8,29.1,23.59771428571429
15,2022-04-16,86.9,23.5,10.6,6.3,29.1,21.012857142857133
16,2022-04-17,91.6,26.6,10.0,6.8,29.1,22.77028571428572
17,2022-04-18,92.0,26.7,10.4,5.0,29.0,22.112000000000005
18,2022-04-19,85.2,37.4,19.0,12.3,29.1,20.432
19,2022-04-20,80.6,29.5,16.6,12.7,29.2,16.17942857142857
20,2022-04-21,77.7,26.7,17.5,8.5,29.1,16.29342857142857
21,2022-04-22,84.0,24.8,12.2,6.9,29.1,18.654285714285717
22,2022-04-23,82.6,17.4,10.4,9.1,29.0,17.751142857142852
23,2022-04-24,84.2,21.4,10.1,4.6,29.0,20.663142857142855
24,2022-04-25,88.9,25.6,10.8,5.7,29.0,18.076857142857136
25,2022-04-26,89.1,27.4,11.3,7.0,29.0,19.68
26,2022-04-27,89.0,34.3,17.4,7.7,29.0,17.420571428571424
27,2022-04-28,90.3,31.8,13.3,5.8,29.0,20.026857142857143
28,2022-04-29,92.1,28.6,10.8,5.2,29.1,18.788000000000004
29,2022-04-01,87.9,31.3,13.4,5.7,29.2,19.010857142857144
31,2022-04-03,90.2,34.0,14.2,6.6,29.1,16.885714285714286
32,2022-04-04,93.2,31.4,11.8,8.8,29.1,19.627428571428567
33,2022-04-05,92.5,24.9,9.4,8.0,29.1,18.929428571428577
34,2022-04-06,91.2,18.9,7.8,9.4,29.2,18.933999999999997
35,2022-04-07,94.0,26.3,9.4,11.0,29.2,17.43514285714286
36,2022-04-08,92.3,24.9,10.0,6.5,29.1,16.71771428571429
37,2022-04-09,92.5,30.4,11.9,8.9,29.1,17.14628571428571
38,2022-04-10,90.6,32.0,13.3,8.5,29.1,15.938857142857147
39,2022-04-11,89.9,30.4,12.3,7.9,29.1,16.939142857142862
40,2022-04-12,84.8,29.2,14.0,12.2,29.1,15.091428571428569
41,2022-04-13,78.7,28.5,17.8,8.9,29.1,19.335714285714285
42,2022-04-14,78.9,24.9,16.4,8.1,29.1,19.553714285714285
43,2022-04-15,83.9,18.8,10.3,7.8,29.1,23.59771428571429
44,2022-04-16,86.9,23.5,10.6,6.3,29.1,21.012857142857133
45,2022-04-17,91.6,26.6,10.0,6.8,29.1,22.77028571428572
46,2022-04-18,92.0,26.7,10.4,5.0,29.0,22.112000000000005
47,2022-04-19,85.2,37.4,19.0,12.3,29.1,20.432
48,2022-04-20,80.6,29.5,16.6,12.7,29.2,16.17942857142857
49,2022-04-21,77.7,26.7,17.5,8.5,29.1,16.29342857142857
50,2022-04-22,84.0,24.8,12.2,6.9,29.1,18.654285714285717
51,2022-04-23,82.6,17.4,10.4,9.1,29.0,17.751142857142852
52,2022-04-24,84.2,21.4,10.1,4.6,29.0,20.663142857142855
53,2022-04-25,88.9,25.6,10.8,5.7,29.0,18.076857142857136
54,2022-04-26,89.1,27.4,11.3,7.0,29.0,19.68
55,2022-04-27,89.0,34.3,17.4,7.7,29.0,17.420571428571424
56,2022-04-28,90.3,31.8,13.3,5.8,29.0,20.026857142857143
57,2022-04-29,92.1,28.6,10.8,5.2,29.1,18.788000000000004
58,2022-03-01,72.7,21.6,17.1,8.5,29.3,23.91428571428571
59,2022-03-02,75.6,32.4,21.2,6.5,29.2,16.408285714285718
60,2022-03-03,73.0,22.3,15.7,12.9,29.2,20.15485714285715
61,2022-03-04,67.2,29.5,26.1,10.3,29.3,23.185142857142857
62,2022-03-05,73.9,30.3,22.2,6.7,29.2,25.60571428571428
63,2022-03-06,75.1,27.4,18.2,5.5,29.1,24.528285714285712
64,2022-03-07,77.9,22.9,13.6,10.2,29.1,30.938571428571418
65,2022-03-08,77.9,30.3,19.6,9.9,29.1,26.746571428571436
66,2022-03-09,82.0,27.7,15.2,9.3,29.0,25.46942857142857
68,2022-03-11,62.4,26.1,25.6,11.8,29.3,25.775999999999996
69,2022-03-12,61.4,27.3,28.9,11.2,29.3,30.08085714285715
70,2022-03-13,59.5,24.4,28.6,8.7,29.3,26.647142857142867
71,2022-03-14,57.3,24.2,26.8,10.8,29.4,24.17514285714286
72,2022-03-15,58.0,23.0,26.7,14.9,29.5,22.51057142857143
73,2022-03-16,60.5,24.0,26.3,10.1,29.4,24.126571428571435
74,2022-03-17,63.8,24.5,24.9,8.9,29.4,20.109428571428577
75,2022-03-18,67.8,19.5,18.4,7.6,29.3,26.138285714285708
76,2022-03-19,69.6,18.6,15.8,8.7,29.3,27.48942857142858
77,2022-03-20,71.0,23.4,18.4,7.9,29.2,29.567999999999998
78,2022-03-21,70.2,23.6,18.0,8.1,29.1,28.12085714285714
79,2022-03-22,69.7,31.6,26.2,10.0,29.2,30.22971428571429
80,2022-03-23,61.9,25.3,26.4,10.8,29.3,31.711142857142846
81,2022-03-24,61.3,19.4,21.6,8.7,29.4,32.01314285714286
82,2022-03-25,60.9,22.9,23.8,10.5,29.4,31.523999999999997
83,2022-03-26,62.3,27.4,29.4,10.5,29.4,29.58085714285714
84,2022-03-27,68.5,25.5,21.1,12.5,29.4,35.39714285714285
85,2022-03-28,71.1,15.3,12.5,9.8,29.3,28.099428571428582
86,2022-03-29,76.8,24.5,14.9,9.1,29.2,27.248285714285718
87,2022-03-30,79.1,26.2,14.8,9.7,29.2,25.858857142857147
88,2022-03-31,82.0,26.2,14.8,8.3,29.2,31.205142857142853
89,2022-02-01,62.0,34.7,37.5,7.2,29.4,13.668285714285714
90,2022-02-02,60.5,37.6,44.4,5.3,29.3,14.37342857142857
91,2022-02-03,62.3,28.5,29.6,8.8,29.3,15.983999999999998
92,2022-02-04,59.5,27.8,30.9,11.1,29.4,15.954285714285717
93,2022-02-05,56.6,32.8,42.4,9.3,29.5,17.636285714285723
94,2022-02-06,56.4,32.3,42.6,7.7,29.5,19.347428571428566
95,2022-02-07,60.6,31.5,35.9,8.1,29.4,25.11542857142857
96,2022-02-08,63.2,29.7,31.1,7.4,29.4,18.051714285714283
97,2022-02-09,61.0,21.1,20.4,8.4,29.3,16.30628571428571
98,2022-02-10,58.3,28.0,32.3,10.5,29.4,13.594571428571426
99,2022-02-11,58.2,30.7,36.6,8.4,29.4,18.31114285714286
100,2022-02-12,62.7,35.3,38.6,7.7,29.4,16.719142857142856
101,2022-02-13,63.9,35.1,36.8,7.5,29.4,17.089714285714287
102,2022-02-14,66.5,28.9,26.0,7.9,29.3,19.734571428571428
103,2022-02-15,64.8,29.4,29.0,7.9,29.3,20.444285714285712
104,2022-02-16,63.8,31.9,33.3,7.7,29.3,21.756857142857147
105,2022-02-17,64.5,28.1,28.7,6.2,29.2,20.214000000000002
106,2022-02-18,65.5,30.6,28.9,10.7,29.2,21.364857142857137
107,2022-02-19,61.1,36.4,41.4,12.8,29.4,17.34828571428571
108,2022-02-20,61.9,34.9,37.7,8.0,29.4,19.46428571428572
109,2022-02-21,63.5,36.0,38.5,7.9,29.4,19.162857142857145
110,2022-02-22,67.0,32.7,31.1,5.7,29.3,24.325714285714284
111,2022-02-23,70.5,30.4,23.4,6.0,29.2,23.159142857142857
112,2022-02-24,65.1,27.6,25.5,8.2,29.3,27.54428571428572
113,2022-02-25,64.3,32.8,32.2,9.7,29.4,25.508571428571422
114,2022-02-26,62.3,33.0,35.0,6.2,29.4,19.018571428571427
115,2022-02-27,64.7,32.8,32.9,7.8,29.4,19.603428571428566
116,2022-02-28,69.8,27.1,22.5,8.5,29.3,20.937714285714286
117,2022-01-01,61.8,38.6,43.7,14.1,29.2,14.57057142857143
122,2022-01-06,63.0,41.2,46.0,12.4,29.3,13.446285714285713
123,2022-01-07,65.3,38.3,38.1,11.8,29.3,13.160285714285715
124,2022-01-08,68.0,39.3,35.8,12.3,29.3,16.558571428571426
125,2022-01-09,64.5,37.9,38.1,13.0,29.3,16.181714285714285
126,2022-01-10,61.8,32.9,34.7,15.2,29.3,12.270571428571426
127,2022-01-11,59.0,22.8,26.0,12.3,29.3,12.488571428571431
128,2022-01-12,63.4,31.7,31.1,10.9,29.3,10.965714285714288
129,2022-01-13,67.2,25.8,22.4,10.5,29.3,14.551714285714285
130,2022-01-14,61.3,33.8,36.2,8.3,29.3,14.325428571428573
131,2022-01-15,58.4,32.5,39.4,8.9,29.3,18.559714285714286
132,2022-01-16,53.5,26.4,37.9,7.8,29.4,16.492
133,2022-01-17,53.9,30.6,43.0,10.4,29.4,22.73628571428572
134,2022-01-18,53.6,29.2,42.8,4.9,29.5,22.35114285714286
135,2022-01-19,52.0,27.7,40.3,8.6,29.5,17.666571428571427
136,2022-01-20,53.9,31.4,44.4,9.5,29.6,15.51942857142857
137,2022-01-21,56.8,34.6,44.2,9.0,29.5,17.34571428571428
139,2022-01-23,58.0,30.0,35.3,8.0,29.4,17.331999999999994
140,2022-01-24,55.5,27.9,37.3,8.9,29.4,19.72
141,2022-01-25,52.8,25.7,37.5,8.6,29.4,22.14457142857143
142,2022-01-26,51.1,24.4,36.5,10.1,29.5,22.02114285714286
143,2022-01-27,51.6,26.4,39.0,9.0,29.5,15.761428571428567
144,2022-01-28,52.8,28.1,41.4,7.1,29.4,16.200857142857142
146,2022-01-30,58.8,30.4,34.8,12.3,29.4,18.033714285714282
147,2021-12-01,76.0,40.6,28.8,13.8,29.3,30.744
148,2021-12-02,66.0,44.0,45.8,13.2,29.3,32.29285714285715
149,2021-12-03,68.9,43.3,40.6,10.3,29.3,27.962285714285713
150,2021-12-04,70.0,42.1,38.0,7.7,29.3,28.01114285714285
151,2021-12-05,67.4,33.8,29.6,10.6,29.3,28.17857142857143
152,2021-12-06,65.2,42.7,45.0,9.1,29.3,28.793428571428578
153,2021-12-07,71.7,41.2,35.8,8.2,29.3,27.214000000000002
154,2021-12-08,63.1,27.2,27.1,16.3,29.4,33.16257142857143
157,2021-12-11,71.5,48.8,46.2,12.8,29.3,32.52685714285714
160,2021-12-14,71.7,47.8,45.3,13.3,29.2,35.59914285714286
161,2021-12-15,63.4,39.0,41.7,15.6,29.3,36.81942857142857
162,2021-12-16,59.2,35.0,42.0,13.1,29.4,28.171999999999997
163,2021-12-17,59.6,35.7,41.8,12.1,29.4,29.27685714285715
164,2021-12-18,58.9,37.9,46.4,10.9,29.4,29.08685714285714
165,2021-12-19,55.7,33.5,44.2,6.5,29.4,31.178857142857144
166,2021-12-20,58.3,32.0,37.6,10.5,29.4,26.511714285714284
167,2021-12-21,52.1,29.9,44.3,8.7,29.5,30.693142857142856
168,2021-12-22,57.0,34.6,45.1,11.1,29.5,31.865714285714283
169,2021-12-23,55.0,35.1,45.3,11.3,29.4,33.73714285714286
170,2021-12-24,59.8,39.1,47.7,13.7,29.4,33.93971428571429
171,2021-12-25,58.7,33.4,39.5,14.6,29.4,31.661142857142853
172,2021-12-26,59.3,34.1,39.9,13.8,29.4,35.36485714285714
173,2021-12-27,61.1,34.9,38.1,13.7,29.4,34.12914285714286
174,2021-12-28,62.7,32.0,32.8,10.5,29.3,35.24257142857143
175,2021-12-29,59.5,36.0,43.6,11.1,29.3,32.58885714285714
176,2021-12-30,60.5,36.4,42.0,10.4,29.3,37.02142857142857
177,2021-12-31,66.7,37.1,35.1,13.1,29.3,30.112000000000002
178,2021-11-01,87.9,47.9,25.4,9.4,29.2,20.42771428571429
179,2021-11-02,83.2,44.4,26.1,13.1,29.3,18.10228571428571
180,2021-11-03,82.6,47.0,29.6,12.3,29.3,20.834285714285716
181,2021-11-04,83.0,47.2,29.4,10.4,29.3,26.28542857142857
182,2021-11-05,82.3,45.5,29.2,8.0,29.2,26.637428571428565
183,2021-11-06,83.6,44.3,26.9,9.1,29.2,28.170571428571424
184,2021-11-07,82.8,43.7,27.3,8.2,29.1,22.11742857142858
185,2021-11-08,82.7,37.9,21.5,9.0,29.2,22.86857142857143
187,2021-11-10,80.8,34.9,19.9,8.1,29.2,26.040285714285712
188,2021-11-11,79.1,34.6,20.6,8.3,29.2,24.033428571428573
189,2021-11-12,72.0,46.6,38.5,8.1,29.1,28.892571428571422
193,2021-11-16,75.9,51.5,44.9,9.0,29.2,21.915714285714284
194,2021-11-17,76.4,49.6,40.5,10.2,29.3,21.202
195,2021-11-18,77.9,43.9,32.0,13.2,29.3,22.88771428571429
196,2021-11-19,71.7,44.5,40.0,10.6,29.3,23.386000000000006
197,2021-11-20,69.2,43.4,41.3,11.0,29.2,25.856571428571428
198,2021-11-21,69.7,40.7,35.8,8.6,29.3,24.703428571428567
199,2021-11-22,65.8,40.5,40.4,8.3,29.4,23.72228571428572
200,2021-11-23,66.8,41.7,41.5,8.3,29.4,27.620571428571427
201,2021-11-24,68.5,38.3,34.6,7.5,29.3,27.141142857142864
202,2021-11-25,72.0,37.2,29.5,7.5,29.3,32.26
203,2021-11-26,75.4,38.1,26.7,8.1,29.3,26.504
204,2021-11-27,74.4,38.7,28.7,9.2,29.3,26.992571428571427
205,2021-11-28,76.0,38.5,26.4,10.1,29.3,30.238571428571433
206,2021-11-29,78.4,44.4,31.8,7.8,29.3,26.886000000000003
207,2021-11-30,81.6,40.8,24.9,8.2,29.3,27.280571428571427
208,2021-10-01,85.7,46.6,27.1,11.3,29.1,16.084000000000003
209,2021-10-02,83.5,49.5,31.7,10.9,29.1,16.453142857142854
210,2021-10-03,83.2,48.0,30.7,11.7,29.2,16.224000000000004
211,2021-10-04,82.8,49.0,32.6,10.6,29.2,16.564285714285717
212,2021-10-05,82.3,48.4,32.3,10.7,29.1,12.675714285714283
213,2021-10-06,81.2,47.0,32.2,9.1,29.1,13.61857142857143
214,2021-10-07,82.7,46.9,31.1,10.1,29.1,13.359142857142858
215,2021-10-08,85.1,44.0,24.8,11.4,29.1,20.817999999999998
216,2021-10-09,89.6,46.4,23.2,12.1,29.1,21.04085714285715
217,2021-10-10,94.2,47.3,20.9,10.7,29.1,19.018285714285714
218,2021-10-11,95.5,44.0,17.8,7.3,29.1,16.046
219,2021-10-12,94.4,44.5,18.4,4.4,29.0,15.500571428571428
220,2021-10-13,92.8,49.4,23.2,11.0,29.1,16.033714285714286
221,2021-10-14,91.5,50.1,26.1,9.1,29.1,16.340857142857143
222,2021-10-15,92.7,45.9,21.3,10.1,29.2,15.436857142857141
223,2021-10-16,91.3,39.3,16.8,12.9,29.2,13.31742857142857
224,2021-10-17,89.0,37.8,16.8,12.7,29.2,18.77885714285715
225,2021-10-18,84.7,36.8,18.4,14.6,29.2,19.680000000000003
226,2021-10-19,81.4,41.5,25.4,13.6,29.3,20.526000000000003
227,2021-10-20,80.4,43.6,27.9,13.3,29.3,17.17742857142857
228,2021-10-21,83.0,43.6,26.5,12.5,29.3,21.97942857142857
229,2021-10-22,79.2,44.3,30.4,13.3,29.3,21.386857142857142
230,2021-10-23,79.5,42.8,28.4,10.5,29.3,20.68342857142858
231,2021-10-24,76.6,44.9,34.7,8.6,29.3,20.938857142857145
232,2021-10-25,78.6,44.3,30.8,9.8,29.2,23.682
233,2021-10-26,80.0,44.7,29.3,9.1,29.2,27.278
234,2021-10-27,84.3,46.0,27.6,9.9,29.2,19.308000000000003
235,2021-10-28,85.6,42.9,23.3,6.9,29.2,19.012285714285717
236,2021-10-29,86.7,42.3,21.6,9.6,29.2,19.781428571428574
237,2021-10-30,86.3,43.2,22.7,9.3,29.2,23.67942857142857
238,2021-10-31,87.8,46.2,25.1,8.9,29.2,17.36857142857143
239,2021-09-01,96.8,49.5,21.4,11.1,29.0,18.370857142857147
240,2021-09-02,99.2,50.4,20.8,11.3,28.9,13.728285714285715
241,2021-09-03,99.5,56.2,24.3,11.7,29.0,16.38114285714286
242,2021-09-04,98.0,49.9,20.2,9.9,29.0,12.831714285714284
243,2021-09-05,93.8,50.1,23.0,11.4,29.0,15.031142857142855
244,2021-09-06,93.4,50.0,23.9,11.1,29.1,12.500571428571426
245,2021-09-07,94.4,47.0,20.5,13.5,29.1,14.443714285714284
246,2021-09-08,94.8,41.9,16.9,12.2,29.1,14.01342857142857
247,2021-09-09,97.0,46.2,18.2,15.0,29.1,13.264857142857144
248,2021-09-10,92.6,50.7,24.9,12.5,29.1,11.73
249,2021-09-11,88.8,49.5,27.3,12.8,29.1,8.581428571428571
250,2021-09-12,87.8,48.5,27.5,12.0,29.1,11.922285714285717
251,2021-09-13,90.4,43.7,21.8,10.7,29.1,10.265714285714283
252,2021-09-14,94.1,45.7,20.1,12.2,29.1,11.69
253,2021-09-15,93.9,49.4,22.9,12.4,29.2,11.639999999999997
254,2021-09-16,87.3,46.8,25.2,12.6,29.1,16.172571428571427
255,2021-09-17,85.7,46.8,27.2,9.8,29.1,17.38114285714286
256,2021-09-18,85.1,49.1,30.1,7.4,29.1,19.59371428571428
257,2021-09-19,87.6,45.1,24.5,8.8,29.1,15.501142857142856
258,2021-09-20,91.0,42.4,19.0,8.4,29.1,13.284857142857144
259,2021-09-21,93.5,40.0,16.0,8.5,29.1,13.296285714285716
260,2021-09-22,93.2,40.3,16.6,8.9,29.1,12.445142857142853
261,2021-09-23,92.3,40.8,17.6,10.7,29.1,12.609714285714288
262,2021-09-24,89.6,47.7,24.5,13.2,29.1,11.500571428571432
263,2021-09-25,87.7,49.3,28.1,12.5,29.2,15.043142857142858
264,2021-09-26,87.1,46.6,25.6,9.4,29.2,13.952571428571432
265,2021-09-27,87.1,46.0,25.6,11.4,29.2,17.399142857142863
266,2021-09-28,87.8,43.6,22.1,13.2,29.2,14.98171428571429
267,2021-09-29,81.8,44.1,27.6,10.3,29.1,15.773142857142856
268,2021-09-30,86.7,40.7,21.2,9.4,29.1,15.082571428571429
269,2021-08-01,97.0,43.3,16.2,6.8,29.0,25.40685714285714
270,2021-08-02,97.9,39.0,13.1,5.8,29.0,23.458571428571425
271,2021-08-03,95.7,43.0,16.8,5.2,29.0,23.493428571428577
272,2021-08-04,99.3,54.1,24.9,16.1,29.1,26.144
273,2021-08-05,99.2,51.5,21.5,9.7,29.1,25.987428571428584
274,2021-08-06,95.9,61.4,33.7,12.4,29.0,28.704571428571423
275,2021-08-07,98.0,63.9,35.2,12.2,29.0,24.41171428571429
276,2021-08-08,99.8,57.3,28.1,12.1,29.1,22.528000000000002
277,2021-08-09,98.5,58.1,30.0,13.8,29.1,20.399142857142863
278,2021-08-10,96.7,47.0,19.0,13.3,29.1,23.751428571428573
279,2021-08-11,96.0,45.6,18.7,9.8,29.0,20.55657142857143
280,2021-08-12,95.6,43.4,17.7,12.7,29.1,22.500285714285717
281,2021-08-13,97.1,39.7,14.5,9.6,29.1,19.743142857142864
282,2021-08-14,99.5,44.8,16.1,12.2,29.0,22.28257142857143
283,2021-08-15,95.6,41.0,15.7,10.9,29.0,23.916285714285713
284,2021-08-16,95.7,40.1,15.8,9.0,29.1,19.179428571428573
285,2021-08-17,95.1,43.0,17.2,10.1,29.1,19.871428571428574
286,2021-08-18,93.7,45.8,20.1,10.1,29.0,17.963142857142863
287,2021-08-19,92.7,44.2,19.5,11.1,29.0,19.789142857142856
288,2021-08-20,93.9,39.6,16.5,12.2,29.0,16.24885714285714
289,2021-08-21,94.4,44.0,18.4,11.2,29.0,20.44257142857143
290,2021-08-22,94.8,43.0,17.0,12.3,29.0,17.036571428571428
291,2021-08-23,96.9,45.6,17.7,11.9,29.0,17.564
292,2021-08-24,99.8,48.7,18.0,10.4,29.1,16.588285714285714
293,2021-08-25,94.0,47.3,20.5,11.1,29.1,19.059142857142856
294,2021-08-26,93.9,47.0,20.5,12.0,29.0,15.523999999999997
295,2021-08-27,95.5,48.2,20.4,11.3,29.1,14.497142857142858
296,2021-08-28,94.5,47.9,20.7,16.2,29.0,15.96285714285714
297,2021-08-29,96.2,46.3,18.8,12.5,29.0,16.378
298,2021-08-30,96.0,41.1,15.3,13.8,29.0,19.16142857142857
299,2021-08-31,95.4,49.0,22.2,13.1,29.0,17.348857142857145
300,2021-07-01,102.0,47.0,15.0,11.0,29.4,31.20685714285715
301,2021-07-02,101.25,45.0,12.0,13.0,29.4,33.343428571428575
302,2021-07-03,99.75,46.0,11.5,15.0,29.45,29.410571428571433
303,2021-07-04,98.75,42.5,15.0,12.4,29.0,32.765142857142855
304,2021-07-05,97.75,42.0,16.5,12.0,29.4,31.074857142857145
305,2021-07-06,96.5,40.3,18.0,12.0,29.4,31.735714285714298
306,2021-07-07,97.0,40.9,17.0,10.0,29.4,28.916285714285717
307,2021-07-08,99.0,42.0,18.0,11.0,29.0,30.742571428571427
308,2021-07-09,97.0,41.6,16.0,13.0,29.3,32.76742857142856
309,2021-07-10,98.0,43.0,13.0,12.5,29.5,33.55714285714286
310,2021-07-11,102.0,47.0,14.0,10.3,29.4,33.17742857142857
311,2021-07-12,102.7,47.4,15.8,9.8,29.0,32.463142857142856
312,2021-07-13,97.3,47.2,19.0,10.6,29.0,34.406857142857135
314,2021-07-15,94.2,41.5,16.6,9.4,29.0,33.89571428571429
315,2021-07-16,95.3,39.8,15.2,10.9,29.0,31.549142857142858
316,2021-07-17,98.0,39.9,13.8,7.5,28.9,31.77885714285715
317,2021-07-18,95.0,42.2,15.0,7.0,28.9,29.99542857142857
318,2021-07-19,99.8,52.0,20.8,6.9,29.0,31.64485714285715
319,2021-07-20,100.8,48.6,18.1,11.5,29.0,30.549714285714288
320,2021-07-21,102.0,44.7,14.3,11.8,29.0,29.200857142857146
321,2021-07-22,96.3,44.8,15.7,9.2,29.0,28.11828571428572
322,2021-07-23,98.8,51.0,20.7,12.5,29.0,23.798857142857134
323,2021-07-24,95.2,49.1,21.3,9.0,29.0,24.54114285714285
325,2021-07-26,92.0,46.4,21.8,10.4,29.1,25.163714285714285
326,2021-07-27,93.2,46.3,20.8,11.7,29.1,22.166
327,2021-07-28,95.2,46.3,19.6,12.3,29.0,24.708285714285715
328,2021-07-29,95.8,44.4,17.4,10.5,29.0,22.958857142857145
329,2021-07-30,95.9,42.3,16.4,11.5,29.0,25.98457142857143
330,2021-07-31,90.6,42.0,18.8,8.8,29.0,24.43857142857143
331,2021-06-01,89.1,29.1,11.8,8.9,29.1,33.60885714285715
332,2021-06-02,93.6,37.8,15.3,10.3,29.1,33.30542857142858
333,2021-06-03,88.7,40.2,16.3,10.3,29.1,34.35028571428572
334,2021-06-04,97.9,41.9,15.4,7.6,29.1,34.75257142857143
335,2021-06-05,97.5,42.1,15.5,10.5,29.1,34.74371428571429
336,2021-06-06,92.4,38.1,15.4,8.6,29.1,35.209714285714284
338,2021-06-08,99.0,36.4,12.0,10.6,29.0,35.53085714285714
339,2021-06-09,99.2,41.8,14.3,12.4,29.1,33.552285714285716
340,2021-06-10,93.2,36.9,14.2,10.8,29.1,34.32571428571428
341,2021-06-11,101.1,38.6,11.8,17.1,29.1,30.636571428571422
342,2021-06-12,95.7,35.3,12.6,15.8,29.1,34.88400000000001
344,2021-06-14,99.4,41.0,14.7,16.5,29.0,33.81742857142858
345,2021-06-15,91.1,36.9,16.1,12.9,29.1,32.849428571428575
346,2021-06-16,87.5,35.7,15.6,7.2,29.1,32.36200000000001
348,2021-06-18,97.0,39.0,13.9,16.3,29.1,31.763142857142853
349,2021-06-19,89.9,39.0,18.9,13.4,29.1,32.85371428571429
350,2021-06-20,86.8,40.7,20.5,12.5,29.1,32.30571428571429
351,2021-06-21,95.0,42.6,17.0,11.6,29.1,34.22828571428571
352,2021-06-22,97.6,36.2,12.8,10.8,29.1,29.729142857142858
353,2021-06-23,101.2,33.5,10.1,10.9,29.1,32.22057142857144
354,2021-06-24,100.3,38.4,12.7,14.2,29.1,30.851428571428578
355,2021-06-25,94.6,35.4,14.6,10.9,29.1,31.830285714285708
356,2021-06-26,96.3,42.8,16.4,10.1,29.0,29.41914285714286
357,2021-06-27,94.8,43.8,17.8,10.3,29.0,30.490857142857145
358,2021-06-28,93.4,44.0,18.6,13.9,29.0,32.40942857142858
359,2021-06-29,87.8,36.0,15.8,13.0,29.0,33.17714285714286
360,2021-06-30,89.0,36.0,15.5,15.5,29.0,34.834285714285706
361,2021-05-01,79.9,29.7,16.9,8.4,29.2,40.038857142857154
362,2021-05-02,91.6,34.4,13.5,8.5,29.1,35.93885714285714
364,2021-05-04,92.9,33.1,13.0,10.0,29.1,33.129714285714286
365,2021-05-05,90.7,35.2,14.8,14.0,29.2,36.440000000000005
366,2021-05-06,82.9,26.0,14.5,10.6,29.2,32.96742857142857
367,2021-05-07,77.0,31.1,20.4,10.1,29.2,33.278285714285715
368,2021-05-08,86.4,25.1,11.7,9.9,29.1,32.20428571428572
369,2021-05-09,80.2,26.9,13.3,9.4,29.2,33.63771428571428
370,2021-05-10,86.0,35.5,18.8,8.4,29.2,33.05171428571429
371,2021-05-11,81.8,29.6,15.9,7.9,29.2,33.01142857142857
372,2021-05-12,95.6,22.6,7.4,7.0,29.1,36.450285714285705
373,2021-05-13,91.4,26.8,10.2,10.5,29.1,34.52942857142857
374,2021-05-14,96.5,37.5,13.4,11.1,29.1,35.692571428571426
375,2021-05-15,96.9,45.2,19.2,10.9,29.0,33.836857142857156
376,2021-05-16,95.5,52.6,23.6,14.6,29.0,38.922000000000004
377,2021-05-17,98.1,47.0,18.1,8.9,29.1,36.21771428571429
378,2021-05-18,94.5,44.5,19.5,11.9,29.1,35.30428571428571
379,2021-05-19,99.9,46.4,16.7,10.3,29.1,31.376857142857144
380,2021-05-20,97.5,51.1,22.5,10.9,29.1,33.20171428571429
381,2021-05-21,94.9,53.2,25.9,9.3,29.1,33.48514285714286
382,2021-05-22,102.7,43.1,14.0,12.4,29.1,32.79342857142857
383,2021-05-23,94.7,39.1,14.0,9.8,29.1,33.357428571428585
384,2021-05-24,85.6,38.3,20.5,16.6,29.2,32.368857142857145
385,2021-05-25,84.5,27.9,15.3,11.5,29.2,35.54571428571429
386,2021-05-26,86.4,24.7,11.6,11.5,29.2,34.927714285714295
387,2021-05-27,90.3,32.2,13.9,9.9,29.1,37.395714285714284
388,2021-05-28,87.3,38.9,18.9,13.6,29.2,33.88457142857143
389,2021-05-29,70.8,30.4,16.1,11.1,29.2,36.020857142857146
390,2021-05-30,83.8,22.8,12.5,12.7,29.2,32.626571428571424
391,2021-05-31,85.0,22.3,12.6,11.1,29.2,33.60885714285715
392,2021-04-01,80.0,29.4,16.7,10.9,29.2,31.21485714285714
393,2021-04-02,79.7,31.3,18.1,10.3,29.2,34.046000000000014
394,2021-04-03,77.2,30.4,20.7,10.8,29.2,34.18714285714286
395,2021-04-04,73.1,25.1,17.3,9.0,29.2,31.442285714285713
396,2021-04-05,85.6,26.3,11.8,7.6,29.2,31.606571428571428
397,2021-04-06,81.0,37.3,21.0,12.3,29.2,30.525428571428566
398,2021-04-07,85.9,37.9,18.5,14.3,29.2,35.38685714285715
399,2021-04-08,77.6,31.9,19.6,16.6,29.2,33.41028571428571
400,2021-04-09,72.7,32.1,23.4,11.7,29.2,36.43714285714285
401,2021-04-10,74.4,31.9,22.2,12.7,29.3,34.79742857142858
402,2021-04-11,70.6,31.3,24.6,10.6,29.3,37.415142857142854
403,2021-04-12,74.5,25.4,17.1,9.8,29.3,34.652571428571434
404,2021-04-13,70.0,30.1,24.0,9.0,29.3,37.555428571428564
406,2021-04-15,76.7,31.3,19.7,8.1,29.3,36.13999999999999
407,2021-04-16,82.0,33.5,18.1,8.1,29.2,37.792
408,2021-04-17,78.2,35.1,22.4,11.8,29.1,36.38257142857142
409,2021-04-18,76.1,41.3,30.4,10.0,29.1,35.09971428571428
410,2021-04-19,77.3,42.3,30.0,8.6,29.1,30.895428571428567
411,2021-04-20,85.4,42.1,22.2,10.2,29.1,34.008857142857146
412,2021-04-21,85.3,37.8,19.2,8.0,29.1,32.44657142857143
413,2021-04-22,86.5,36.1,18.3,8.6,29.1,33.73657142857142
414,2021-04-23,86.1,30.9,14.3,7.8,29.1,30.90514285714286
415,2021-04-24,79.0,38.6,26.6,8.2,29.1,33.85085714285715
416,2021-04-25,83.3,39.4,21.8,12.7,29.1,33.19428571428571
417,2021-04-26,78.3,40.1,26.8,7.3,29.2,34.99628571428572
418,2021-04-27,75.2,32.3,17.6,6.6,29.2,37.42742857142857
419,2021-04-28,86.6,37.0,21.4,16.9,29.0,33.62342857142857
420,2021-04-29,86.1,35.1,17.1,14.5,29.1,34.010285714285715
421,2021-04-30,81.9,25.3,14.1,12.7,29.2,35.11000000000001
